bus_id,route_id,imei,latitude,longitude,speed,time,flag
33,10,f2:ab:73:19:59:7,-7.93324,112.60354,10,"2024-02-01 06:54:08",1
33,10,f2:ab:73:19:59:7,-7.93324,112.60354,10,"2024-02-01 06:58:14",1
33,10,f2:ab:73:19:59:7,-7.94329,112.61047,10,"2024-02-01 07:00:07",1
33,10,f2:ab:73:19:59:7,-7.94979,112.61559,10,"2024-02-01 07:09:44",0
33,10,f2:ab:73:19:59:7,-7.94979,112.61559,10,"2024-02-01 07:09:49",1
33,10,f2:ab:73:19:59:7,-7.94329,112.61047,10,"2024-02-01 07:11:05",1
33,10,f2:ab:73:19:59:7,-7.94329,112.61047,10,"2024-02-01 07:11:14",0
33,10,f2:ab:73:19:59:7,-7.94329,112.61047,10,"2024-02-01 07:11:23",0
33,10,f2:ab:73:19:59:7,-7.94329,112.61047,10,"2024-02-01 07:11:31",0
33,10,f2:ab:73:19:59:7,-7.94329,112.61047,10,"2024-02-01 07:11:40",0
33,10,f2:ab:73:19:59:7,-7.94329,112.61047,10,"2024-02-01 07:11:49",1
33,10,f2:ab:73:19:59:7,-7.94329,112.61047,10,"2024-02-01 07:11:58",1
33,10,f2:ab:73:19:59:7,-7.95658,112.61276,10,"2024-02-01 07:15:01",0
33,10,f2:ab:73:19:59:7,-7.95658,112.61276,10,"2024-02-01 07:15:06",1
33,10,f2:ab:73:19:59:7,-7.96334,112.62548,10,"2024-02-01 07:21:56",1
33,10,f2:ab:73:19:59:7,-7.96334,112.62548,10,"2024-02-01 07:22:05",1
33,10,f2:ab:73:19:59:7,-7.97223,112.62190,10,"2024-02-01 07:23:46",0
33,10,f2:ab:73:19:59:7,-7.97223,112.62190,10,"2024-02-01 07:23:51",1
33,10,f2:ab:73:19:59:7,-7.97693,112.63340,10,"2024-02-01 07:29:43",0
33,10,f2:ab:73:19:59:7,-7.97693,112.63340,10,"2024-02-01 07:29:49",0
33,10,f2:ab:73:19:59:7,-7.97693,112.63340,10,"2024-02-01 07:29:55",1
33,10,f2:ab:73:19:59:7,-7.97693,112.63340,10,"2024-02-01 07:30:06",0
33,10,f2:ab:73:19:59:7,-7.97693,112.63340,10,"2024-02-01 07:30:15",0
33,10,f2:ab:73:19:59:7,-7.97693,112.63340,10,"2024-02-01 07:30:32",1
33,10,f2:ab:73:19:59:7,-7.97693,112.63340,10,"2024-02-01 07:31:19",0
33,10,f2:ab:73:19:59:7,-7.97693,112.63340,10,"2024-02-01 07:31:28",0
33,10,f2:ab:73:19:59:7,-7.97693,112.63340,10,"2024-02-01 07:31:39",0
33,10,f2:ab:73:19:59:7,-7.97693,112.63340,10,"2024-02-01 07:31:48",1
33,11,f2:ab:73:19:59:7,-7.97694,112.63335,10,"2024-02-01 16:19:11",1
33,11,f2:ab:73:19:59:7,-7.97694,112.63335,10,"2024-02-01 16:25:10",1
33,11,f2:ab:73:19:59:7,-7.97694,112.63335,10,"2024-02-01 16:26:03",1
33,11,f2:ab:73:19:59:7,-7.97694,112.63335,10,"2024-02-01 16:26:44",0
33,11,f2:ab:73:19:59:7,-7.97694,112.63335,10,"2024-02-01 16:27:26",1
33,11,f2:ab:73:19:59:7,-7.97694,112.63335,10,"2024-02-01 16:29:17",1
33,11,f2:ab:73:19:59:7,-7.97694,112.63335,10,"2024-02-01 16:31:06",1
33,11,f2:ab:73:19:59:7,-7.97694,112.63335,10,"2024-02-01 16:31:56",1
33,11,f2:ab:73:19:59:7,-7.97694,112.63335,10,"2024-02-01 16:33:15",1
33,11,f2:ab:73:19:59:7,-7.97250,112.62180,10,"2024-02-01 16:56:15",1
33,11,f2:ab:73:19:59:7,-7.94325,112.61045,10,"2024-02-01 17:10:54",0
33,11,f2:ab:73:19:59:7,-7.94325,112.61045,10,"2024-02-01 17:11:03",1
33,11,f2:ab:73:19:59:7,-7.94325,112.61045,10,"2024-02-01 17:11:49",1
33,11,f2:ab:73:19:59:7,-7.94325,112.61045,10,"2024-02-01 17:12:06",0
33,11,f2:ab:73:19:59:7,-7.94325,112.61045,10,"2024-02-01 17:12:14",0
33,11,f2:ab:73:19:59:7,-7.94325,112.61045,10,"2024-02-01 17:12:22",0
33,11,f2:ab:73:19:59:7,-7.94325,112.61045,10,"2024-02-01 17:12:33",1
33,10,f2:ab:73:19:59:7,-7.93324,112.60354,10,"2024-02-02 06:53:53",1
33,10,f2:ab:73:19:59:7,-7.93324,112.60354,10,"2024-02-02 06:56:55",1
33,10,f2:ab:73:19:59:7,-7.94329,112.61047,10,"2024-02-02 06:58:38",1
33,10,f2:ab:73:19:59:7,-7.94329,112.61047,10,"2024-02-02 07:09:42",1
33,10,f2:ab:73:19:59:7,-7.94329,112.61047,10,"2024-02-02 07:09:54",1
33,10,f2:ab:73:19:59:7,-7.95658,112.61276,10,"2024-02-02 07:15:33",0
33,10,f2:ab:73:19:59:7,-7.95658,112.61276,10,"2024-02-02 07:15:42",1
33,10,f2:ab:73:19:59:7,-7.96334,112.62548,10,"2024-02-02 07:22:48",1
33,10,f2:ab:73:19:59:7,-7.97223,112.62190,10,"2024-02-02 07:24:34",1
33,10,f2:ab:73:19:59:7,-7.97693,112.63340,10,"2024-02-02 07:30:22",0
33,10,f2:ab:73:19:59:7,-7.97693,112.63340,10,"2024-02-02 07:30:27",0
33,10,f2:ab:73:19:59:7,-7.97693,112.63340,10,"2024-02-02 07:30:31",0
33,10,f2:ab:73:19:59:7,-7.97693,112.63340,10,"2024-02-02 07:30:39",0
33,10,f2:ab:73:19:59:7,-7.97693,112.63340,10,"2024-02-02 07:30:54",1
33,10,f2:ab:73:19:59:7,-7.97693,112.63340,10,"2024-02-02 07:31:13",0
33,10,f2:ab:73:19:59:7,-7.97693,112.63340,10,"2024-02-02 07:31:23",0
33,10,f2:ab:73:19:59:7,-7.97693,112.63340,10,"2024-02-02 07:31:36",1
33,10,f2:ab:73:19:59:7,-7.97693,112.63340,10,"2024-02-02 07:31:48",0
33,10,f2:ab:73:19:59:7,-7.97693,112.63340,10,"2024-02-02 07:32:01",1
33,11,f2:ab:73:19:59:7,-7.94325,112.61045,10,"2024-02-02 16:44:49",1
33,11,f2:ab:73:19:59:7,-7.94325,112.61045,10,"2024-02-02 16:45:06",1
33,11,f2:ab:73:19:59:7,-7.94325,112.61045,10,"2024-02-02 16:45:44",0
33,11,f2:ab:73:19:59:7,-7.94325,112.61045,10,"2024-02-02 16:45:54",0
33,11,f2:ab:73:19:59:7,-7.94325,112.61045,10,"2024-02-02 16:46:04",1
33,10,f2:ab:73:19:59:7,-7.94329,112.61047,10,"2024-02-03 07:37:39",1
33,10,f2:ab:73:19:59:7,-7.95658,112.61276,10,"2024-02-05 06:46:42",0
33,10,f2:ab:73:19:59:7,-7.95658,112.61276,10,"2024-02-05 06:47:13",1
33,10,f2:ab:73:19:59:7,-7.95658,112.61276,10,"2024-02-05 06:47:52",1
33,10,f2:ab:73:19:59:7,-7.94329,112.61047,10,"2024-02-05 06:50:27",0
33,10,f2:ab:73:19:59:7,-7.94329,112.61047,10,"2024-02-05 06:50:38",0
33,10,f2:ab:73:19:59:7,-7.94329,112.61047,10,"2024-02-05 06:50:47",1
33,10,f2:ab:73:19:59:7,-7.93324,112.60354,10,"2024-02-05 06:52:30",1
33,10,f2:ab:73:19:59:7,-7.93324,112.60354,10,"2024-02-05 07:00:01",1
33,10,f2:ab:73:19:59:7,-7.94329,112.61047,10,"2024-02-05 07:01:47",0
33,10,f2:ab:73:19:59:7,-7.94329,112.61047,10,"2024-02-05 07:01:55",1
33,10,f2:ab:73:19:59:7,-7.94329,112.61047,10,"2024-02-05 07:12:42",0
33,10,f2:ab:73:19:59:7,-7.94329,112.61047,10,"2024-02-05 07:12:53",0
33,10,f2:ab:73:19:59:7,-7.94329,112.61047,10,"2024-02-05 07:13:01",0
33,10,f2:ab:73:19:59:7,-7.94329,112.61047,10,"2024-02-05 07:13:09",1
33,10,f2:ab:73:19:59:7,-7.94329,112.61047,10,"2024-02-05 07:13:20",0
33,10,f2:ab:73:19:59:7,-7.94329,112.61047,10,"2024-02-05 07:13:28",0
33,10,f2:ab:73:19:59:7,-7.94329,112.61047,10,"2024-02-05 07:13:37",0
33,10,f2:ab:73:19:59:7,-7.94329,112.61047,10,"2024-02-05 07:13:45",1
33,10,f2:ab:73:19:59:7,-7.95658,112.61276,10,"2024-02-05 07:17:22",0
33,10,f2:ab:73:19:59:7,-7.95658,112.61276,10,"2024-02-05 07:17:27",1
33,10,f2:ab:73:19:59:7,-7.96334,112.62548,10,"2024-02-05 07:24:29",1
33,10,f2:ab:73:19:59:7,-7.97223,112.62190,10,"2024-02-05 07:26:16",0
33,10,f2:ab:73:19:59:7,-7.97223,112.62190,10,"2024-02-05 07:26:22",1
33,10,f2:ab:73:19:59:7,-7.97693,112.63340,10,"2024-02-05 07:32:00",0
33,10,f2:ab:73:19:59:7,-7.97693,112.63340,10,"2024-02-05 07:32:05",0
33,10,f2:ab:73:19:59:7,-7.97693,112.63340,10,"2024-02-05 07:32:10",0
33,10,f2:ab:73:19:59:7,-7.97693,112.63340,10,"2024-02-05 07:32:16",1
33,10,f2:ab:73:19:59:7,-7.97693,112.63340,10,"2024-02-05 07:32:29",0
33,10,f2:ab:73:19:59:7,-7.97693,112.63340,10,"2024-02-05 07:32:39",0
33,10,f2:ab:73:19:59:7,-7.97693,112.63340,10,"2024-02-05 07:33:02",0
33,10,f2:ab:73:19:59:7,-7.97693,112.63340,10,"2024-02-05 07:33:10",1
33,10,f2:ab:73:19:59:7,-7.97693,112.63340,10,"2024-02-05 07:33:26",1
33,11,f2:ab:73:19:59:7,-7.97694,112.63335,10,"2024-02-05 16:16:14",0
33,11,f2:ab:73:19:59:7,-7.97694,112.63335,10,"2024-02-05 16:16:27",1
33,11,f2:ab:73:19:59:7,-7.94325,112.61045,10,"2024-02-05 17:00:17",0
33,11,f2:ab:73:19:59:7,-7.94325,112.61045,10,"2024-02-05 17:00:27",0
33,11,f2:ab:73:19:59:7,-7.94325,112.61045,10,"2024-02-05 17:00:38",0
33,11,f2:ab:73:19:59:7,-7.94325,112.61045,10,"2024-02-05 17:00:47",0
33,11,f2:ab:73:19:59:7,-7.94325,112.61045,10,"2024-02-05 17:00:56",1
33,11,f2:ab:73:19:59:7,-7.94325,112.61045,10,"2024-02-05 17:01:05",0
33,11,f2:ab:73:19:59:7,-7.94325,112.61045,10,"2024-02-05 17:01:13",0
33,11,f2:ab:73:19:59:7,-7.94325,112.61045,10,"2024-02-05 17:01:23",0
33,11,f2:ab:73:19:59:7,-7.94325,112.61045,10,"2024-02-05 17:01:32",0
33,11,f2:ab:73:19:59:7,-7.94325,112.61045,10,"2024-02-05 17:01:41",1
33,11,f2:ab:73:19:59:7,-7.94325,112.61045,10,"2024-02-05 17:01:49",0
33,11,f2:ab:73:19:59:7,-7.94325,112.61045,10,"2024-02-05 17:01:58",0
33,11,f2:ab:73:19:59:7,-7.94325,112.61045,10,"2024-02-05 17:02:07",0
33,11,f2:ab:73:19:59:7,-7.94325,112.61045,10,"2024-02-05 17:02:15",0
33,11,f2:ab:73:19:59:7,-7.94325,112.61045,10,"2024-02-05 17:02:25",1
33,10,f2:ab:73:19:59:7,-7.93324,112.60354,10,"2024-02-06 06:55:06",1
33,10,f2:ab:73:19:59:7,-7.93324,112.60354,10,"2024-02-06 06:58:22",1
33,10,f2:ab:73:19:59:7,-7.94329,112.61047,10,"2024-02-06 07:00:06",1
33,10,f2:ab:73:19:59:7,-7.94329,112.61047,10,"2024-02-06 07:10:52",0
33,10,f2:ab:73:19:59:7,-7.94329,112.61047,10,"2024-02-06 07:11:02",1
33,10,f2:ab:73:19:59:7,-7.94329,112.61047,10,"2024-02-06 07:11:13",0
33,10,f2:ab:73:19:59:7,-7.94329,112.61047,10,"2024-02-06 07:11:24",1
33,10,f2:ab:73:19:59:7,-7.95658,112.61276,10,"2024-02-06 07:15:16",0
33,10,f2:ab:73:19:59:7,-7.95658,112.61276,10,"2024-02-06 07:15:23",1
33,10,f2:ab:73:19:59:7,-7.96334,112.62548,10,"2024-02-06 07:23:47",0
33,10,f2:ab:73:19:59:7,-7.96334,112.62548,10,"2024-02-06 07:23:57",1
33,10,f2:ab:73:19:59:7,-7.97223,112.62190,10,"2024-02-06 07:25:41",0
33,10,f2:ab:73:19:59:7,-7.97223,112.62190,10,"2024-02-06 07:25:50",1
33,10,f2:ab:73:19:59:7,-7.97693,112.63340,10,"2024-02-06 07:30:56",1
33,10,f2:ab:73:19:59:7,-7.97693,112.63340,10,"2024-02-06 07:31:04",0
33,10,f2:ab:73:19:59:7,-7.97693,112.63340,10,"2024-02-06 07:31:15",0
33,10,f2:ab:73:19:59:7,-7.97693,112.63340,10,"2024-02-06 07:31:36",0
33,10,f2:ab:73:19:59:7,-7.97693,112.63340,10,"2024-02-06 07:31:44",1
33,10,f2:ab:73:19:59:7,-7.97693,112.63340,10,"2024-02-06 07:32:01",1
33,11,f2:ab:73:19:59:7,-7.97694,112.63335,10,"2024-02-06 16:12:23",1
33,11,f2:ab:73:19:59:7,-7.97694,112.63335,10,"2024-02-06 16:14:07",1
33,11,f2:ab:73:19:59:7,-7.97694,112.63335,10,"2024-02-06 16:32:44",1
33,11,f2:ab:73:19:59:7,-7.97694,112.63335,10,"2024-02-06 16:35:35",0
33,11,f2:ab:73:19:59:7,-7.97694,112.63335,10,"2024-02-06 16:35:43",1
33,11,f2:ab:73:19:59:7,-7.97250,112.62180,10,"2024-02-06 16:42:04",1
33,11,f2:ab:73:19:59:7,-7.97250,112.62180,10,"2024-02-06 16:42:22",1
33,11,f2:ab:73:19:59:7,-7.97250,112.62180,10,"2024-02-06 16:44:10",1
33,11,f2:ab:73:19:59:7,-7.94325,112.61045,10,"2024-02-06 17:15:08",0
33,11,f2:ab:73:19:59:7,-7.94325,112.61045,10,"2024-02-06 17:15:17",0
33,11,f2:ab:73:19:59:7,-7.94325,112.61045,10,"2024-02-06 17:15:31",1
33,11,f2:ab:73:19:59:7,-7.94325,112.61045,10,"2024-02-06 17:15:45",0
33,11,f2:ab:73:19:59:7,-7.94325,112.61045,10,"2024-02-06 17:15:56",0
33,11,f2:ab:73:19:59:7,-7.94325,112.61045,10,"2024-02-06 17:16:09",0
33,11,f2:ab:73:19:59:7,-7.94325,112.61045,10,"2024-02-06 17:16:18",1
33,11,f2:ab:73:19:59:7,-7.94325,112.61045,10,"2024-02-06 17:16:27",0
33,11,f2:ab:73:19:59:7,-7.94325,112.61045,10,"2024-02-06 17:16:35",0
33,11,f2:ab:73:19:59:7,-7.94325,112.61045,10,"2024-02-06 17:16:44",0
33,11,f2:ab:73:19:59:7,-7.94325,112.61045,10,"2024-02-06 17:16:56",1
33,11,f2:ab:73:19:59:7,-7.94325,112.61045,10,"2024-02-06 17:17:05",0
33,11,f2:ab:73:19:59:7,-7.94325,112.61045,10,"2024-02-06 17:17:13",1
33,10,f2:ab:73:19:59:7,-7.93324,112.60354,10,"2024-02-07 06:55:48",1
33,10,f2:ab:73:19:59:7,-7.93324,112.60354,10,"2024-02-07 06:58:14",1
33,10,f2:ab:73:19:59:7,-7.94329,112.61047,10,"2024-02-07 07:00:24",1
33,10,f2:ab:73:19:59:7,-7.94329,112.61047,10,"2024-02-07 07:11:22",0
33,10,f2:ab:73:19:59:7,-7.94329,112.61047,10,"2024-02-07 07:11:30",0
33,10,f2:ab:73:19:59:7,-7.94329,112.61047,10,"2024-02-07 07:11:38",1
33,10,f2:ab:73:19:59:7,-7.95658,112.61276,10,"2024-02-07 07:14:56",0
33,10,f2:ab:73:19:59:7,-7.95658,112.61276,10,"2024-02-07 07:15:04",1
33,10,f2:ab:73:19:59:7,-7.96334,112.62548,10,"2024-02-07 07:27:59",1
33,10,f2:ab:73:19:59:7,-7.97223,112.62190,10,"2024-02-07 07:30:12",1
33,10,f2:ab:73:19:59:7,-7.97693,112.63340,10,"2024-02-07 07:36:49",0
33,10,f2:ab:73:19:59:7,-7.97693,112.63340,10,"2024-02-07 07:36:57",0
33,10,f2:ab:73:19:59:7,-7.97693,112.63340,10,"2024-02-07 07:37:06",1
33,10,f2:ab:73:19:59:7,-7.97693,112.63340,10,"2024-02-07 07:37:14",0
33,10,f2:ab:73:19:59:7,-7.97693,112.63340,10,"2024-02-07 07:37:32",0
33,10,f2:ab:73:19:59:7,-7.97693,112.63340,10,"2024-02-07 07:37:41",1
33,10,f2:ab:73:19:59:7,-7.97693,112.63340,10,"2024-02-07 07:37:51",0
33,10,f2:ab:73:19:59:7,-7.97693,112.63340,10,"2024-02-07 07:38:02",1
33,10,f2:ab:73:19:59:7,-7.97693,112.63340,10,"2024-02-07 08:20:46",1
33,10,f2:ab:73:19:59:7,-7.94329,112.61047,10,"2024-02-07 10:20:12",0
33,10,f2:ab:73:19:59:7,-7.94329,112.61047,10,"2024-02-07 10:20:28",1
33,10,f2:ab:73:19:59:7,-7.94329,112.61047,10,"2024-02-07 10:20:43",0
33,10,f2:ab:73:19:59:7,-7.94329,112.61047,10,"2024-02-07 10:21:07",1
33,10,f2:ab:73:19:59:7,-7.94329,112.61047,10,"2024-02-07 10:21:17",0
33,10,f2:ab:73:19:59:7,-7.94329,112.61047,10,"2024-02-07 10:21:28",1
33,10,f2:ab:73:19:59:7,-7.95658,112.61276,10,"2024-02-07 10:24:56",1
33,10,f2:ab:73:19:59:7,-7.95658,112.61276,10,"2024-02-07 10:25:03",1
33,11,f2:ab:73:19:59:7,-7.96344,112.62536,10,"2024-02-07 15:49:42",0
33,11,f2:ab:73:19:59:7,-7.96344,112.62536,10,"2024-02-07 15:49:50",1
33,11,f2:ab:73:19:59:7,-7.97250,112.62180,10,"2024-02-07 15:52:45",1
33,11,f2:ab:73:19:59:7,-7.97694,112.63335,10,"2024-02-07 16:07:32",0
33,11,f2:ab:73:19:59:7,-7.97694,112.63335,10,"2024-02-07 16:07:40",0
33,11,f2:ab:73:19:59:7,-7.97694,112.63335,10,"2024-02-07 16:07:48",0
33,11,f2:ab:73:19:59:7,-7.97694,112.63335,10,"2024-02-07 16:08:06",1
33,11,f2:ab:73:19:59:7,-7.97694,112.63335,10,"2024-02-07 16:08:20",1
33,11,f2:ab:73:19:59:7,-7.97694,112.63335,10,"2024-02-07 16:29:39",1
33,11,f2:ab:73:19:59:7,-7.97250,112.62180,10,"2024-02-07 16:35:56",0
33,11,f2:ab:73:19:59:7,-7.97250,112.62180,10,"2024-02-07 16:36:06",1
33,11,f2:ab:73:19:59:7,-7.97250,112.62180,10,"2024-02-07 16:36:17",0
33,11,f2:ab:73:19:59:7,-7.97250,112.62180,10,"2024-02-07 16:36:30",0
33,11,f2:ab:73:19:59:7,-7.97250,112.62180,10,"2024-02-07 16:36:46",1
33,11,f2:ab:73:19:59:7,-7.97250,112.62180,10,"2024-02-07 16:38:24",1
33,11,f2:ab:73:19:59:7,-7.94325,112.61045,10,"2024-02-07 17:00:17",0
33,11,f2:ab:73:19:59:7,-7.94325,112.61045,10,"2024-02-07 17:00:24",1
33,11,f2:ab:73:19:59:7,-7.93338,112.60354,10,"2024-02-07 17:05:07",1
33,11,f2:ab:73:19:59:7,-7.93338,112.60354,10,"2024-02-07 17:09:19",1
33,11,f2:ab:73:19:59:7,-7.94325,112.61045,10,"2024-02-07 17:19:34",1
33,11,f2:ab:73:19:59:7,-7.97250,112.62180,10,"2024-02-07 18:59:02",1
33,10,f2:ab:73:19:59:7,-7.95658,112.61276,10,"2024-02-11 07:34:48",1
33,11,f2:ab:73:19:59:7,-7.95655,112.61265,10,"2024-02-11 19:20:16",1
33,10,f2:ab:73:19:59:7,-7.95658,112.61276,10,"2024-02-12 06:51:59",0
33,10,f2:ab:73:19:59:7,-7.95658,112.61276,10,"2024-02-12 06:52:09",1
33,10,f2:ab:73:19:59:7,-7.94329,112.61047,10,"2024-02-12 06:55:27",1
33,10,f2:ab:73:19:59:7,-7.93324,112.60354,10,"2024-02-12 06:57:29",1
33,10,f2:ab:73:19:59:7,-7.93324,112.60354,10,"2024-02-12 06:59:51",1
33,10,f2:ab:73:19:59:7,-7.94329,112.61047,10,"2024-02-12 07:01:33",1
33,10,f2:ab:73:19:59:7,-7.94979,112.61559,10,"2024-02-12 07:02:37",0
33,10,f2:ab:73:19:59:7,-7.94979,112.61559,10,"2024-02-12 07:02:43",1
33,10,f2:ab:73:19:59:7,-7.94979,112.61559,10,"2024-02-12 07:10:03",1
33,10,f2:ab:73:19:59:7,-7.94329,112.61047,10,"2024-02-12 07:11:28",0
33,10,f2:ab:73:19:59:7,-7.94329,112.61047,10,"2024-02-12 07:11:37",0
33,10,f2:ab:73:19:59:7,-7.94329,112.61047,10,"2024-02-12 07:11:45",1
33,10,f2:ab:73:19:59:7,-7.94329,112.61047,10,"2024-02-12 07:11:55",0
33,10,f2:ab:73:19:59:7,-7.94329,112.61047,10,"2024-02-12 07:12:04",0
33,10,f2:ab:73:19:59:7,-7.94329,112.61047,10,"2024-02-12 07:12:13",0
33,10,f2:ab:73:19:59:7,-7.94329,112.61047,10,"2024-02-12 07:12:22",0
33,10,f2:ab:73:19:59:7,-7.94329,112.61047,10,"2024-02-12 07:12:32",1
33,10,f2:ab:73:19:59:7,-7.94329,112.61047,10,"2024-02-12 07:12:41",0
33,10,f2:ab:73:19:59:7,-7.94329,112.61047,10,"2024-02-12 07:12:49",1
33,10,f2:ab:73:19:59:7,-7.95658,112.61276,10,"2024-02-12 07:16:39",0
33,10,f2:ab:73:19:59:7,-7.95658,112.61276,10,"2024-02-12 07:16:46",1
33,10,f2:ab:73:19:59:7,-7.96334,112.62548,10,"2024-02-12 07:22:54",1
33,10,f2:ab:73:19:59:7,-7.97223,112.62190,10,"2024-02-12 07:24:36",1
33,10,f2:ab:73:19:59:7,-7.97693,112.63340,10,"2024-02-12 07:30:11",0
33,10,f2:ab:73:19:59:7,-7.97693,112.63340,10,"2024-02-12 07:30:16",1
33,10,f2:ab:73:19:59:7,-7.97693,112.63340,10,"2024-02-12 07:30:59",0
33,10,f2:ab:73:19:59:7,-7.97693,112.63340,10,"2024-02-12 07:31:07",0
33,10,f2:ab:73:19:59:7,-7.97693,112.63340,10,"2024-02-12 07:31:28",1
33,11,f2:ab:73:19:59:7,-7.97694,112.63335,10,"2024-02-12 16:32:21",1
33,11,f2:ab:73:19:59:7,-7.97250,112.62180,10,"2024-02-12 16:38:35",1
33,11,f2:ab:73:19:59:7,-7.97250,112.62180,10,"2024-02-12 16:39:50",1
33,11,f2:ab:73:19:59:7,-7.94982,112.61556,10,"2024-02-12 16:54:06",0
33,11,f2:ab:73:19:59:7,-7.94982,112.61556,10,"2024-02-12 16:54:14",1
33,11,f2:ab:73:19:59:7,-7.94982,112.61556,10,"2024-02-12 17:05:46",1
33,11,f2:ab:73:19:59:7,-7.94325,112.61045,10,"2024-02-12 17:08:05",1
33,11,f2:ab:73:19:59:7,-7.94325,112.61045,10,"2024-02-12 17:08:19",0
33,11,f2:ab:73:19:59:7,-7.94325,112.61045,10,"2024-02-12 17:08:38",0
33,11,f2:ab:73:19:59:7,-7.94325,112.61045,10,"2024-02-12 17:09:04",1
33,11,f2:ab:73:19:59:7,-7.94325,112.61045,10,"2024-02-12 17:09:25",1
33,10,f2:ab:73:19:59:7,-7.93324,112.60354,10,"2024-02-13 06:56:55",1
33,10,f2:ab:73:19:59:7,-7.93324,112.60354,10,"2024-02-13 07:00:45",1
33,10,f2:ab:73:19:59:7,-7.94329,112.61047,10,"2024-02-13 07:02:45",1
33,10,f2:ab:73:19:59:7,-7.94979,112.61559,10,"2024-02-13 07:03:59",1
33,10,f2:ab:73:19:59:7,-7.94979,112.61559,10,"2024-02-13 07:11:33",0
33,10,f2:ab:73:19:59:7,-7.94979,112.61559,10,"2024-02-13 07:11:41",1
33,10,f2:ab:73:19:59:7,-7.94329,112.61047,10,"2024-02-13 07:12:58",0
33,10,f2:ab:73:19:59:7,-7.94329,112.61047,10,"2024-02-13 07:13:07",1
33,10,f2:ab:73:19:59:7,-7.95658,112.61276,10,"2024-02-13 07:16:38",0
33,10,f2:ab:73:19:59:7,-7.95658,112.61276,10,"2024-02-13 07:16:42",1
33,10,f2:ab:73:19:59:7,-7.96334,112.62548,10,"2024-02-13 07:23:47",1
33,10,f2:ab:73:19:59:7,-7.97693,112.63340,10,"2024-02-13 07:31:12",0
33,10,f2:ab:73:19:59:7,-7.97693,112.63340,10,"2024-02-13 07:31:21",1
33,10,f2:ab:73:19:59:7,-7.97693,112.63340,10,"2024-02-13 07:31:39",0
33,10,f2:ab:73:19:59:7,-7.97693,112.63340,10,"2024-02-13 07:31:51",0
33,10,f2:ab:73:19:59:7,-7.97693,112.63340,10,"2024-02-13 07:31:59",1
33,10,f2:ab:73:19:59:7,-7.97693,112.63340,10,"2024-02-13 07:32:08",0
33,10,f2:ab:73:19:59:7,-7.97693,112.63340,10,"2024-02-13 07:32:24",1
33,11,fb:fd:2a:a8:e2:b,-7.97694,112.63335,10,"2024-02-13 12:26:51",1
33,11,fb:fd:2a:a8:e2:b,-7.97694,112.63335,10,"2024-02-13 12:27:00",0
33,11,fb:fd:2a:a8:e2:b,-7.97694,112.63335,10,"2024-02-13 12:27:10",0
33,11,fb:fd:2a:a8:e2:b,-7.97694,112.63335,10,"2024-02-13 12:27:19",0
33,11,fb:fd:2a:a8:e2:b,-7.97694,112.63335,10,"2024-02-13 12:27:29",0
33,11,fb:fd:2a:a8:e2:b,-7.97694,112.63335,10,"2024-02-13 12:27:37",1
33,11,fb:fd:2a:a8:e2:b,-7.97694,112.63335,10,"2024-02-13 12:27:46",0
33,11,fb:fd:2a:a8:e2:b,-7.97694,112.63335,10,"2024-02-13 12:27:56",0
33,11,fb:fd:2a:a8:e2:b,-7.97694,112.63335,10,"2024-02-13 12:28:04",0
33,11,fb:fd:2a:a8:e2:b,-7.97694,112.63335,10,"2024-02-13 12:28:17",0
33,11,fb:fd:2a:a8:e2:b,-7.97694,112.63335,10,"2024-02-13 12:28:25",1
33,11,fb:fd:2a:a8:e2:b,-7.97694,112.63335,10,"2024-02-13 12:28:38",0
33,11,fb:fd:2a:a8:e2:b,-7.97694,112.63335,10,"2024-02-13 12:28:47",0
33,11,fb:fd:2a:a8:e2:b,-7.97694,112.63335,10,"2024-02-13 12:28:56",0
33,11,fb:fd:2a:a8:e2:b,-7.97694,112.63335,10,"2024-02-13 12:29:04",0
33,11,fb:fd:2a:a8:e2:b,-7.97694,112.63335,10,"2024-02-13 12:29:12",1
33,11,fb:fd:2a:a8:e2:b,-7.97694,112.63335,10,"2024-02-13 12:29:21",0
33,11,fb:fd:2a:a8:e2:b,-7.97694,112.63335,10,"2024-02-13 12:29:30",0
33,11,fb:fd:2a:a8:e2:b,-7.97694,112.63335,10,"2024-02-13 12:29:39",0
33,11,fb:fd:2a:a8:e2:b,-7.97694,112.63335,10,"2024-02-13 12:29:47",0
33,11,fb:fd:2a:a8:e2:b,-7.97694,112.63335,10,"2024-02-13 12:29:55",1
33,11,fb:fd:2a:a8:e2:b,-7.97694,112.63335,10,"2024-02-13 12:30:04",0
33,11,fb:fd:2a:a8:e2:b,-7.97694,112.63335,10,"2024-02-13 12:30:12",0
33,11,fb:fd:2a:a8:e2:b,-7.97694,112.63335,10,"2024-02-13 12:30:20",1
33,11,f2:ab:73:19:59:7,-7.97250,112.62180,10,"2024-02-13 16:40:30",1
33,11,f2:ab:73:19:59:7,-7.97250,112.62180,10,"2024-02-13 16:40:40",1
33,11,f2:ab:73:19:59:7,-7.94982,112.61556,10,"2024-02-13 16:56:24",0
33,11,f2:ab:73:19:59:7,-7.94982,112.61556,10,"2024-02-13 16:56:33",1
33,11,f2:ab:73:19:59:7,-7.94982,112.61556,10,"2024-02-13 17:04:32",0
33,11,f2:ab:73:19:59:7,-7.94982,112.61556,10,"2024-02-13 17:04:46",0
33,11,f2:ab:73:19:59:7,-7.94982,112.61556,10,"2024-02-13 17:04:59",1
33,11,f2:ab:73:19:59:7,-7.94982,112.61556,10,"2024-02-13 17:05:09",0
33,11,f2:ab:73:19:59:7,-7.94982,112.61556,10,"2024-02-13 17:05:19",0
33,11,f2:ab:73:19:59:7,-7.94982,112.61556,10,"2024-02-13 17:05:31",0
33,11,f2:ab:73:19:59:7,-7.94982,112.61556,10,"2024-02-13 17:05:40",1
33,11,f2:ab:73:19:59:7,-7.94325,112.61045,10,"2024-02-13 17:09:28",1
33,11,f2:ab:73:19:59:7,-7.94325,112.61045,10,"2024-02-13 17:09:45",1
33,11,f2:ab:73:19:59:7,-7.94325,112.61045,10,"2024-02-13 17:10:50",1
33,11,f2:ab:73:19:59:7,-7.94325,112.61045,10,"2024-02-13 17:11:13",0
33,11,f2:ab:73:19:59:7,-7.94325,112.61045,10,"2024-02-13 17:11:23",0
33,11,f2:ab:73:19:59:7,-7.94325,112.61045,10,"2024-02-13 17:11:40",1
33,10,f2:ab:73:19:59:7,-7.93324,112.60354,10,"2024-02-15 06:51:11",1
33,10,f2:ab:73:19:59:7,-7.93324,112.60354,10,"2024-02-15 07:00:50",1
33,10,f2:ab:73:19:59:7,-7.94329,112.61047,10,"2024-02-15 07:03:38",1
33,10,f2:ab:73:19:59:7,-7.94979,112.61559,10,"2024-02-15 07:04:26",1
33,10,f2:ab:73:19:59:7,-7.94979,112.61559,10,"2024-02-15 07:11:20",1
33,10,f2:ab:73:19:59:7,-7.94329,112.61047,10,"2024-02-15 07:13:28",0
33,10,f2:ab:73:19:59:7,-7.94329,112.61047,10,"2024-02-15 07:14:29",1
33,10,f2:ab:73:19:59:7,-7.94329,112.61047,10,"2024-02-15 07:15:09",1
33,10,f2:ab:73:19:59:7,-7.95658,112.61276,10,"2024-02-15 07:18:32",1
33,10,f2:ab:73:19:59:7,-7.96334,112.62548,10,"2024-02-15 07:27:33",1
33,10,f2:ab:73:19:59:7,-7.97223,112.62190,10,"2024-02-15 07:29:57",1
33,10,f2:ab:73:19:59:7,-7.97693,112.63340,10,"2024-02-15 07:35:55",0
33,10,f2:ab:73:19:59:7,-7.97693,112.63340,10,"2024-02-15 07:36:10",1
33,10,f2:ab:73:19:59:7,-7.97693,112.63340,10,"2024-02-15 07:36:28",0
33,10,f2:ab:73:19:59:7,-7.97693,112.63340,10,"2024-02-15 07:36:37",0
33,10,f2:ab:73:19:59:7,-7.97693,112.63340,10,"2024-02-15 07:36:47",1
33,11,f2:ab:73:19:59:7,-7.97250,112.62180,10,"2024-02-15 16:40:03",1
33,11,f2:ab:73:19:59:7,-7.94982,112.61556,10,"2024-02-15 16:54:54",1
33,11,f2:ab:73:19:59:7,-7.94982,112.61556,10,"2024-02-15 17:01:08",0
33,11,f2:ab:73:19:59:7,-7.94982,112.61556,10,"2024-02-15 17:01:32",1
33,11,f2:ab:73:19:59:7,-7.94982,112.61556,10,"2024-02-15 17:01:52",0
33,11,f2:ab:73:19:59:7,-7.94982,112.61556,10,"2024-02-15 17:02:02",1
33,11,f2:ab:73:19:59:7,-7.94325,112.61045,10,"2024-02-15 17:04:13",1
33,10,f2:ab:73:19:59:7,-7.93324,112.60354,10,"2024-02-16 07:00:07",1
33,10,f2:ab:73:19:59:7,-7.93324,112.60354,10,"2024-02-16 07:03:52",1
33,10,f2:ab:73:19:59:7,-7.94329,112.61047,10,"2024-02-16 07:04:59",1
33,10,f2:ab:73:19:59:7,-7.94979,112.61559,10,"2024-02-16 07:05:45",1
33,10,f2:ab:73:19:59:7,-7.94979,112.61559,10,"2024-02-16 07:14:42",1
33,10,f2:ab:73:19:59:7,-7.94329,112.61047,10,"2024-02-16 07:16:36",0
33,10,f2:ab:73:19:59:7,-7.94329,112.61047,10,"2024-02-16 07:17:13",1
33,10,f2:ab:73:19:59:7,-7.95658,112.61276,10,"2024-02-16 07:20:36",0
33,10,f2:ab:73:19:59:7,-7.95658,112.61276,10,"2024-02-16 07:20:41",1
33,10,f2:ab:73:19:59:7,-7.96334,112.62548,10,"2024-02-16 07:26:56",1
33,10,f2:ab:73:19:59:7,-7.97223,112.62190,10,"2024-02-16 07:29:00",1
33,10,f2:ab:73:19:59:7,-7.97693,112.63340,10,"2024-02-16 07:34:35",1
33,10,f2:ab:73:19:59:7,-7.97693,112.63340,10,"2024-02-16 07:35:11",1
33,11,f2:ab:73:19:59:7,-7.97250,112.62180,10,"2024-02-16 16:28:50",0
33,11,f2:ab:73:19:59:7,-7.97250,112.62180,10,"2024-02-16 16:28:54",1
33,11,f2:ab:73:19:59:7,-7.97250,112.62180,10,"2024-02-16 16:30:36",0
33,11,f2:ab:73:19:59:7,-7.97250,112.62180,10,"2024-02-16 16:30:44",1
33,11,f2:ab:73:19:59:7,-7.94982,112.61556,10,"2024-02-16 16:44:15",0
33,11,f2:ab:73:19:59:7,-7.94982,112.61556,10,"2024-02-16 16:44:20",1
33,11,f2:ab:73:19:59:7,-7.94982,112.61556,10,"2024-02-16 16:44:24",1
33,11,f2:ab:73:19:59:7,-7.94982,112.61556,10,"2024-02-16 16:53:40",0
33,11,f2:ab:73:19:59:7,-7.94982,112.61556,10,"2024-02-16 16:53:46",0
33,11,f2:ab:73:19:59:7,-7.94982,112.61556,10,"2024-02-16 16:53:50",1
33,11,f2:ab:73:19:59:7,-7.94325,112.61045,10,"2024-02-16 16:56:42",1
33,11,f2:ab:73:19:59:7,-7.94325,112.61045,10,"2024-02-16 16:56:46",0
33,11,f2:ab:73:19:59:7,-7.94325,112.61045,10,"2024-02-16 16:56:58",0
33,11,f2:ab:73:19:59:7,-7.94325,112.61045,10,"2024-02-16 16:57:04",0
33,11,f2:ab:73:19:59:7,-7.94325,112.61045,10,"2024-02-16 16:57:07",0
33,11,f2:ab:73:19:59:7,-7.94325,112.61045,10,"2024-02-16 16:57:12",0
33,11,f2:ab:73:19:59:7,-7.94325,112.61045,10,"2024-02-16 16:57:22",1
33,11,f2:ab:73:19:59:7,-7.94325,112.61045,10,"2024-02-16 16:57:29",0
33,11,f2:ab:73:19:59:7,-7.94325,112.61045,10,"2024-02-16 16:57:38",0
33,11,f2:ab:73:19:59:7,-7.94325,112.61045,10,"2024-02-16 16:57:44",0
33,11,f2:ab:73:19:59:7,-7.94325,112.61045,10,"2024-02-16 16:57:49",0
33,11,f2:ab:73:19:59:7,-7.94325,112.61045,10,"2024-02-16 16:57:56",0
33,11,f2:ab:73:19:59:7,-7.94325,112.61045,10,"2024-02-16 16:58:02",1
33,11,f2:ab:73:19:59:7,-7.94325,112.61045,10,"2024-02-16 16:58:06",0
33,11,f2:ab:73:19:59:7,-7.94325,112.61045,10,"2024-02-16 16:58:11",0
33,11,f2:ab:73:19:59:7,-7.94325,112.61045,10,"2024-02-16 16:58:16",0
33,11,f2:ab:73:19:59:7,-7.94325,112.61045,10,"2024-02-16 16:58:24",0
33,11,f2:ab:73:19:59:7,-7.94325,112.61045,10,"2024-02-16 16:58:27",0
33,11,f2:ab:73:19:59:7,-7.94325,112.61045,10,"2024-02-16 16:58:32",0
33,11,f2:ab:73:19:59:7,-7.94325,112.61045,10,"2024-02-16 16:58:36",0
33,11,f2:ab:73:19:59:7,-7.94325,112.61045,10,"2024-02-16 16:58:40",1
33,10,f2:ab:73:19:59:7,-7.94329,112.61047,10,"2024-02-17 07:35:44",0
33,10,f2:ab:73:19:59:7,-7.94329,112.61047,10,"2024-02-17 07:35:48",1
33,10,f2:ab:73:19:59:7,-7.95658,112.61276,10,"2024-02-17 07:39:01",0
33,10,f2:ab:73:19:59:7,-7.95658,112.61276,10,"2024-02-17 07:39:04",0
33,10,f2:ab:73:19:59:7,-7.95658,112.61276,10,"2024-02-17 07:39:06",1
33,11,f2:ab:73:19:59:7,-7.97250,112.62180,10,"2024-02-17 16:01:36",1
33,11,f2:ab:73:19:59:7,-7.95655,112.61265,10,"2024-02-17 16:29:23",0
33,11,f2:ab:73:19:59:7,-7.95655,112.61265,10,"2024-02-17 16:29:30",1
33,10,f2:ab:73:19:59:7,-7.95658,112.61276,10,"2024-02-19 06:39:33",1
33,10,f2:ab:73:19:59:7,-7.94329,112.61047,10,"2024-02-19 06:47:37",0
33,10,f2:ab:73:19:59:7,-7.94329,112.61047,10,"2024-02-19 06:47:41",1
33,10,f2:ab:73:19:59:7,-7.93324,112.60354,10,"2024-02-19 06:49:18",0
33,10,f2:ab:73:19:59:7,-7.93324,112.60354,10,"2024-02-19 06:49:22",1
33,10,f2:ab:73:19:59:7,-7.93324,112.60354,10,"2024-02-19 06:59:11",1
33,10,f2:ab:73:19:59:7,-7.94329,112.61047,10,"2024-02-19 07:01:27",0
33,10,f2:ab:73:19:59:7,-7.94329,112.61047,10,"2024-02-19 07:01:30",0
33,10,f2:ab:73:19:59:7,-7.94329,112.61047,10,"2024-02-19 07:01:34",1
33,10,f2:ab:73:19:59:7,-7.94979,112.61559,10,"2024-02-19 07:02:58",0
33,10,f2:ab:73:19:59:7,-7.94979,112.61559,10,"2024-02-19 07:03:00",0
33,10,f2:ab:73:19:59:7,-7.94979,112.61559,10,"2024-02-19 07:03:04",1
33,10,f2:ab:73:19:59:7,-7.94979,112.61559,10,"2024-02-19 07:11:14",0
33,10,f2:ab:73:19:59:7,-7.94979,112.61559,10,"2024-02-19 07:11:21",1
33,10,f2:ab:73:19:59:7,-7.94979,112.61559,10,"2024-02-19 07:11:24",1
33,10,f2:ab:73:19:59:7,-7.94329,112.61047,10,"2024-02-19 07:12:59",0
33,10,f2:ab:73:19:59:7,-7.94329,112.61047,10,"2024-02-19 07:13:06",0
33,10,f2:ab:73:19:59:7,-7.94329,112.61047,10,"2024-02-19 07:13:11",0
33,10,f2:ab:73:19:59:7,-7.94329,112.61047,10,"2024-02-19 07:13:14",0
33,10,f2:ab:73:19:59:7,-7.94329,112.61047,10,"2024-02-19 07:13:17",0
33,10,f2:ab:73:19:59:7,-7.94329,112.61047,10,"2024-02-19 07:13:22",1
33,10,f2:ab:73:19:59:7,-7.94329,112.61047,10,"2024-02-19 07:13:27",0
33,10,f2:ab:73:19:59:7,-7.94329,112.61047,10,"2024-02-19 07:13:35",0
33,10,f2:ab:73:19:59:7,-7.94329,112.61047,10,"2024-02-19 07:13:40",0
33,10,f2:ab:73:19:59:7,-7.94329,112.61047,10,"2024-02-19 07:13:45",0
33,10,f2:ab:73:19:59:7,-7.94329,112.61047,10,"2024-02-19 07:13:49",0
33,10,f2:ab:73:19:59:7,-7.94329,112.61047,10,"2024-02-19 07:13:52",0
33,10,f2:ab:73:19:59:7,-7.94329,112.61047,10,"2024-02-19 07:13:57",0
33,10,f2:ab:73:19:59:7,-7.94329,112.61047,10,"2024-02-19 07:14:01",1
33,10,f2:ab:73:19:59:7,-7.94329,112.61047,10,"2024-02-19 07:14:05",0
33,10,f2:ab:73:19:59:7,-7.94329,112.61047,10,"2024-02-19 07:14:08",0
33,10,f2:ab:73:19:59:7,-7.94329,112.61047,10,"2024-02-19 07:14:11",0
33,10,f2:ab:73:19:59:7,-7.94329,112.61047,10,"2024-02-19 07:14:16",1
33,10,f2:ab:73:19:59:7,-7.95658,112.61276,10,"2024-02-19 07:17:45",0
33,10,f2:ab:73:19:59:7,-7.95658,112.61276,10,"2024-02-19 07:17:47",0
33,10,f2:ab:73:19:59:7,-7.95658,112.61276,10,"2024-02-19 07:17:49",0
33,10,f2:ab:73:19:59:7,-7.95658,112.61276,10,"2024-02-19 07:17:51",0
33,10,f2:ab:73:19:59:7,-7.95658,112.61276,10,"2024-02-19 07:17:53",1
33,10,f2:ab:73:19:59:7,-7.96334,112.62548,10,"2024-02-19 07:23:42",0
33,10,f2:ab:73:19:59:7,-7.96334,112.62548,10,"2024-02-19 07:23:46",1
33,10,f2:ab:73:19:59:7,-7.97693,112.63340,10,"2024-02-19 07:31:05",0
33,10,f2:ab:73:19:59:7,-7.97693,112.63340,10,"2024-02-19 07:31:08",0
33,10,f2:ab:73:19:59:7,-7.97693,112.63340,10,"2024-02-19 07:31:13",1
33,10,f2:ab:73:19:59:7,-7.97693,112.63340,10,"2024-02-19 07:31:23",0
33,10,f2:ab:73:19:59:7,-7.97693,112.63340,10,"2024-02-19 07:31:27",0
33,10,f2:ab:73:19:59:7,-7.97693,112.63340,10,"2024-02-19 07:31:31",0
33,10,f2:ab:73:19:59:7,-7.97693,112.63340,10,"2024-02-19 07:31:35",0
33,10,f2:ab:73:19:59:7,-7.97693,112.63340,10,"2024-02-19 07:31:38",0
33,10,f2:ab:73:19:59:7,-7.97693,112.63340,10,"2024-02-19 07:31:42",0
33,10,f2:ab:73:19:59:7,-7.97693,112.63340,10,"2024-02-19 07:31:52",1
33,11,f2:ab:73:19:59:7,-7.97250,112.62180,10,"2024-02-19 16:39:06",0
33,11,f2:ab:73:19:59:7,-7.97250,112.62180,10,"2024-02-19 16:39:13",1
33,11,f2:ab:73:19:59:7,-7.97250,112.62180,10,"2024-02-19 16:40:38",1
33,11,f2:ab:73:19:59:7,-7.94982,112.61556,10,"2024-02-19 16:55:46",0
33,11,f2:ab:73:19:59:7,-7.94982,112.61556,10,"2024-02-19 16:55:50",0
33,11,f2:ab:73:19:59:7,-7.94982,112.61556,10,"2024-02-19 16:55:54",0
33,11,f2:ab:73:19:59:7,-7.94982,112.61556,10,"2024-02-19 16:55:58",1
33,11,f2:ab:73:19:59:7,-7.94982,112.61556,10,"2024-02-19 17:12:04",0
33,11,f2:ab:73:19:59:7,-7.94982,112.61556,10,"2024-02-19 17:12:10",1
33,11,f2:ab:73:19:59:7,-7.94982,112.61556,10,"2024-02-19 17:12:14",0
33,11,f2:ab:73:19:59:7,-7.94982,112.61556,10,"2024-02-19 17:12:29",0
33,11,f2:ab:73:19:59:7,-7.94982,112.61556,10,"2024-02-19 17:12:32",0
33,11,f2:ab:73:19:59:7,-7.94982,112.61556,10,"2024-02-19 17:12:36",0
33,11,f2:ab:73:19:59:7,-7.94982,112.61556,10,"2024-02-19 17:12:39",1
33,11,f2:ab:73:19:59:7,-7.94325,112.61045,10,"2024-02-19 17:15:29",1
33,11,f2:ab:73:19:59:7,-7.94325,112.61045,10,"2024-02-19 17:15:35",0
33,11,f2:ab:73:19:59:7,-7.94325,112.61045,10,"2024-02-19 17:15:45",0
33,11,f2:ab:73:19:59:7,-7.94325,112.61045,10,"2024-02-19 17:15:51",0
33,11,f2:ab:73:19:59:7,-7.94325,112.61045,10,"2024-02-19 17:15:56",0
33,11,f2:ab:73:19:59:7,-7.94325,112.61045,10,"2024-02-19 17:16:01",0
33,11,f2:ab:73:19:59:7,-7.94325,112.61045,10,"2024-02-19 17:16:06",1
33,11,f2:ab:73:19:59:7,-7.94325,112.61045,10,"2024-02-19 17:16:12",0
33,11,f2:ab:73:19:59:7,-7.94325,112.61045,10,"2024-02-19 17:16:16",0
33,11,f2:ab:73:19:59:7,-7.94325,112.61045,10,"2024-02-19 17:16:22",0
33,11,f2:ab:73:19:59:7,-7.94325,112.61045,10,"2024-02-19 17:16:28",0
33,11,f2:ab:73:19:59:7,-7.94325,112.61045,10,"2024-02-19 17:16:33",0
33,11,f2:ab:73:19:59:7,-7.94325,112.61045,10,"2024-02-19 17:16:39",0
33,11,f2:ab:73:19:59:7,-7.94325,112.61045,10,"2024-02-19 17:16:45",1
33,11,f2:ab:73:19:59:7,-7.94325,112.61045,10,"2024-02-19 17:16:49",0
33,11,f2:ab:73:19:59:7,-7.94325,112.61045,10,"2024-02-19 17:16:53",0
33,11,f2:ab:73:19:59:7,-7.94325,112.61045,10,"2024-02-19 17:16:57",0
33,11,f2:ab:73:19:59:7,-7.94325,112.61045,10,"2024-02-19 17:17:04",0
33,11,f2:ab:73:19:59:7,-7.94325,112.61045,10,"2024-02-19 17:17:07",0
33,11,f2:ab:73:19:59:7,-7.94325,112.61045,10,"2024-02-19 17:17:11",0
33,11,f2:ab:73:19:59:7,-7.94325,112.61045,10,"2024-02-19 17:17:15",0
33,11,f2:ab:73:19:59:7,-7.94325,112.61045,10,"2024-02-19 17:17:19",0
33,11,f2:ab:73:19:59:7,-7.94325,112.61045,10,"2024-02-19 17:17:24",1
33,11,f2:ab:73:19:59:7,-7.94325,112.61045,10,"2024-02-19 17:17:28",0
33,11,f2:ab:73:19:59:7,-7.94325,112.61045,10,"2024-02-19 17:17:33",0
33,11,f2:ab:73:19:59:7,-7.94325,112.61045,10,"2024-02-19 17:17:38",0
33,11,f2:ab:73:19:59:7,-7.94325,112.61045,10,"2024-02-19 17:17:41",1
33,10,f2:ab:73:19:59:7,-7.93324,112.60354,10,"2024-02-20 06:49:03",0
33,10,f2:ab:73:19:59:7,-7.93324,112.60354,10,"2024-02-20 06:49:06",1
33,10,f2:ab:73:19:59:7,-7.93324,112.60354,10,"2024-02-20 06:57:25",0
33,10,f2:ab:73:19:59:7,-7.93324,112.60354,10,"2024-02-20 06:57:28",1
33,10,f2:ab:73:19:59:7,-7.94329,112.61047,10,"2024-02-20 06:59:24",0
33,10,f2:ab:73:19:59:7,-7.94329,112.61047,10,"2024-02-20 06:59:27",1
33,10,f2:ab:73:19:59:7,-7.94979,112.61559,10,"2024-02-20 07:00:47",0
33,10,f2:ab:73:19:59:7,-7.94979,112.61559,10,"2024-02-20 07:00:50",1
33,10,f2:ab:73:19:59:7,-7.94979,112.61559,10,"2024-02-20 07:09:15",0
33,10,f2:ab:73:19:59:7,-7.94979,112.61559,10,"2024-02-20 07:09:18",1
33,10,f2:ab:73:19:59:7,-7.94329,112.61047,10,"2024-02-20 07:10:45",0
33,10,f2:ab:73:19:59:7,-7.94329,112.61047,10,"2024-02-20 07:10:48",0
33,10,f2:ab:73:19:59:7,-7.94329,112.61047,10,"2024-02-20 07:10:52",0
33,10,f2:ab:73:19:59:7,-7.94329,112.61047,10,"2024-02-20 07:10:56",1
33,10,f2:ab:73:19:59:7,-7.94329,112.61047,10,"2024-02-20 07:11:00",0
33,10,f2:ab:73:19:59:7,-7.94329,112.61047,10,"2024-02-20 07:11:04",0
33,10,f2:ab:73:19:59:7,-7.94329,112.61047,10,"2024-02-20 07:11:09",0
33,10,f2:ab:73:19:59:7,-7.94329,112.61047,10,"2024-02-20 07:11:12",0
33,10,f2:ab:73:19:59:7,-7.94329,112.61047,10,"2024-02-20 07:11:15",0
33,10,f2:ab:73:19:59:7,-7.94329,112.61047,10,"2024-02-20 07:11:19",0
33,10,f2:ab:73:19:59:7,-7.94329,112.61047,10,"2024-02-20 07:11:23",0
33,10,f2:ab:73:19:59:7,-7.94329,112.61047,10,"2024-02-20 07:11:26",0
33,10,f2:ab:73:19:59:7,-7.94329,112.61047,10,"2024-02-20 07:11:30",0
33,10,f2:ab:73:19:59:7,-7.94329,112.61047,10,"2024-02-20 07:11:35",0
33,10,f2:ab:73:19:59:7,-7.94329,112.61047,10,"2024-02-20 07:11:39",1
33,10,f2:ab:73:19:59:7,-7.94329,112.61047,10,"2024-02-20 07:11:42",0
33,10,f2:ab:73:19:59:7,-7.94329,112.61047,10,"2024-02-20 07:11:45",0
33,10,f2:ab:73:19:59:7,-7.94329,112.61047,10,"2024-02-20 07:11:49",0
33,10,f2:ab:73:19:59:7,-7.94329,112.61047,10,"2024-02-20 07:11:53",0
33,10,f2:ab:73:19:59:7,-7.94329,112.61047,10,"2024-02-20 07:11:56",1
33,10,f2:ab:73:19:59:7,-7.95658,112.61276,10,"2024-02-20 07:15:37",0
33,10,f2:ab:73:19:59:7,-7.95658,112.61276,10,"2024-02-20 07:15:42",0
33,10,f2:ab:73:19:59:7,-7.95658,112.61276,10,"2024-02-20 07:15:44",1
33,10,f2:ab:73:19:59:7,-7.96334,112.62548,10,"2024-02-20 07:23:31",0
33,10,f2:ab:73:19:59:7,-7.96334,112.62548,10,"2024-02-20 07:23:34",0
33,10,f2:ab:73:19:59:7,-7.96334,112.62548,10,"2024-02-20 07:23:37",1
33,10,f2:ab:73:19:59:7,-7.97223,112.62190,10,"2024-02-20 07:25:02",0
33,10,f2:ab:73:19:59:7,-7.97223,112.62190,10,"2024-02-20 07:25:06",0
33,10,f2:ab:73:19:59:7,-7.97223,112.62190,10,"2024-02-20 07:25:08",1
33,10,f2:ab:73:19:59:7,-7.97693,112.63340,10,"2024-02-20 07:31:24",0
33,10,f2:ab:73:19:59:7,-7.97693,112.63340,10,"2024-02-20 07:31:29",0
33,10,f2:ab:73:19:59:7,-7.97693,112.63340,10,"2024-02-20 07:31:31",0
33,10,f2:ab:73:19:59:7,-7.97693,112.63340,10,"2024-02-20 07:31:33",1
33,10,f2:ab:73:19:59:7,-7.97693,112.63340,10,"2024-02-20 07:31:51",0
33,10,f2:ab:73:19:59:7,-7.97693,112.63340,10,"2024-02-20 07:32:11",0
33,10,f2:ab:73:19:59:7,-7.97693,112.63340,10,"2024-02-20 07:32:15",0
33,10,f2:ab:73:19:59:7,-7.97693,112.63340,10,"2024-02-20 07:32:18",1
33,10,f2:ab:73:19:59:7,-7.97693,112.63340,10,"2024-02-20 07:32:35",0
33,10,f2:ab:73:19:59:7,-7.97693,112.63340,10,"2024-02-20 07:32:39",1
33,11,f2:ab:73:19:59:7,-7.94982,112.61556,10,"2024-02-20 17:22:25",0
33,11,f2:ab:73:19:59:7,-7.94982,112.61556,10,"2024-02-20 17:22:29",0
33,11,f2:ab:73:19:59:7,-7.94982,112.61556,10,"2024-02-20 17:22:33",0
33,11,f2:ab:73:19:59:7,-7.94982,112.61556,10,"2024-02-20 17:22:36",1
33,11,f2:ab:73:19:59:7,-7.94982,112.61556,10,"2024-02-20 17:39:04",0
33,11,f2:ab:73:19:59:7,-7.94982,112.61556,10,"2024-02-20 17:39:07",0
33,11,f2:ab:73:19:59:7,-7.94982,112.61556,10,"2024-02-20 17:39:13",1
33,11,f2:ab:73:19:59:7,-7.94325,112.61045,10,"2024-02-20 17:44:55",1
33,11,f2:ab:73:19:59:7,-7.94325,112.61045,10,"2024-02-20 17:45:02",0
33,11,f2:ab:73:19:59:7,-7.94325,112.61045,10,"2024-02-20 17:45:06",0
33,11,f2:ab:73:19:59:7,-7.94325,112.61045,10,"2024-02-20 17:45:10",0
33,11,f2:ab:73:19:59:7,-7.94325,112.61045,10,"2024-02-20 17:45:13",0
33,11,f2:ab:73:19:59:7,-7.94325,112.61045,10,"2024-02-20 17:45:16",0
33,11,f2:ab:73:19:59:7,-7.94325,112.61045,10,"2024-02-20 17:45:19",0
33,11,f2:ab:73:19:59:7,-7.94325,112.61045,10,"2024-02-20 17:45:23",0
33,11,f2:ab:73:19:59:7,-7.94325,112.61045,10,"2024-02-20 17:45:26",0
33,11,f2:ab:73:19:59:7,-7.94325,112.61045,10,"2024-02-20 17:45:29",0
33,11,f2:ab:73:19:59:7,-7.94325,112.61045,10,"2024-02-20 17:45:33",0
33,11,f2:ab:73:19:59:7,-7.94325,112.61045,10,"2024-02-20 17:45:40",0
33,11,f2:ab:73:19:59:7,-7.94325,112.61045,10,"2024-02-20 17:45:43",1
33,11,f2:ab:73:19:59:7,-7.94325,112.61045,10,"2024-02-20 17:45:50",0
33,11,f2:ab:73:19:59:7,-7.94325,112.61045,10,"2024-02-20 17:45:53",0
33,11,f2:ab:73:19:59:7,-7.94325,112.61045,10,"2024-02-20 17:45:56",0
33,11,f2:ab:73:19:59:7,-7.94325,112.61045,10,"2024-02-20 17:45:59",0
33,11,f2:ab:73:19:59:7,-7.94325,112.61045,10,"2024-02-20 17:46:03",0
33,11,f2:ab:73:19:59:7,-7.94325,112.61045,10,"2024-02-20 17:46:06",0
33,11,f2:ab:73:19:59:7,-7.94325,112.61045,10,"2024-02-20 17:46:09",0
33,11,f2:ab:73:19:59:7,-7.94325,112.61045,10,"2024-02-20 17:46:12",0
33,11,f2:ab:73:19:59:7,-7.94325,112.61045,10,"2024-02-20 17:46:15",0
33,11,f2:ab:73:19:59:7,-7.94325,112.61045,10,"2024-02-20 17:46:19",0
33,11,f2:ab:73:19:59:7,-7.94325,112.61045,10,"2024-02-20 17:46:24",0
33,11,f2:ab:73:19:59:7,-7.94325,112.61045,10,"2024-02-20 17:46:27",0
33,11,f2:ab:73:19:59:7,-7.94325,112.61045,10,"2024-02-20 17:46:31",1
33,11,f2:ab:73:19:59:7,-7.94325,112.61045,10,"2024-02-20 17:46:35",0
33,11,f2:ab:73:19:59:7,-7.94325,112.61045,10,"2024-02-20 17:46:38",0
33,11,f2:ab:73:19:59:7,-7.94325,112.61045,10,"2024-02-20 17:46:42",0
33,11,f2:ab:73:19:59:7,-7.94325,112.61045,10,"2024-02-20 17:46:47",0
33,11,f2:ab:73:19:59:7,-7.94325,112.61045,10,"2024-02-20 17:46:50",0
33,11,f2:ab:73:19:59:7,-7.94325,112.61045,10,"2024-02-20 17:46:53",0
33,11,f2:ab:73:19:59:7,-7.94325,112.61045,10,"2024-02-20 17:46:56",1
33,10,f2:ab:73:19:59:7,-7.93324,112.60354,10,"2024-02-21 06:51:10",1
33,10,f2:ab:73:19:59:7,-7.93324,112.60354,10,"2024-02-21 06:58:43",1
33,10,f2:ab:73:19:59:7,-7.94329,112.61047,10,"2024-02-21 07:00:59",0
33,10,f2:ab:73:19:59:7,-7.94979,112.61559,10,"2024-02-21 07:02:11",1
33,10,f2:ab:73:19:59:7,-7.94979,112.61559,10,"2024-02-21 07:10:49",0
33,10,f2:ab:73:19:59:7,-7.94979,112.61559,10,"2024-02-21 07:10:54",0
33,10,f2:ab:73:19:59:7,-7.94979,112.61559,10,"2024-02-21 07:10:59",1
33,10,f2:ab:73:19:59:7,-7.94329,112.61047,10,"2024-02-21 07:12:10",0
33,10,f2:ab:73:19:59:7,-7.94329,112.61047,10,"2024-02-21 07:12:18",0
33,10,f2:ab:73:19:59:7,-7.94329,112.61047,10,"2024-02-21 07:12:24",0
33,10,f2:ab:73:19:59:7,-7.94329,112.61047,10,"2024-02-21 07:12:28",1
33,10,f2:ab:73:19:59:7,-7.95658,112.61276,10,"2024-02-21 07:16:17",0
33,10,f2:ab:73:19:59:7,-7.95658,112.61276,10,"2024-02-21 07:16:25",1
33,10,f2:ab:73:19:59:7,-7.96334,112.62548,10,"2024-02-21 07:24:40",1
33,10,f2:ab:73:19:59:7,-7.97693,112.63340,10,"2024-02-21 07:32:00",0
33,10,f2:ab:73:19:59:7,-7.97693,112.63340,10,"2024-02-21 07:32:04",0
33,10,f2:ab:73:19:59:7,-7.97693,112.63340,10,"2024-02-21 07:32:09",0
33,10,f2:ab:73:19:59:7,-7.97693,112.63340,10,"2024-02-21 07:32:15",0
33,10,f2:ab:73:19:59:7,-7.97693,112.63340,10,"2024-02-21 07:32:26",1
33,10,f2:ab:73:19:59:7,-7.97693,112.63340,10,"2024-02-21 07:32:52",0
33,10,f2:ab:73:19:59:7,-7.97693,112.63340,10,"2024-02-21 07:32:56",0
33,10,f2:ab:73:19:59:7,-7.97693,112.63340,10,"2024-02-21 07:32:59",1
33,10,fb:fd:2a:a8:e2:b,-7.93680,112.62644,10,"2024-02-21 10:32:37",0
33,10,fb:fd:2a:a8:e2:b,-7.93680,112.62644,10,"2024-02-21 10:32:52",1
33,11,f2:ab:73:19:59:7,-7.93338,112.60354,10,"2024-02-21 15:16:29",1
33,11,f2:ab:73:19:59:7,-7.94325,112.61045,10,"2024-02-21 15:20:10",1
33,11,f2:ab:73:19:59:7,-7.94982,112.61556,10,"2024-02-21 15:22:41",1
33,11,f2:ab:73:19:59:7,-7.97694,112.63335,10,"2024-02-21 15:54:55",1
33,11,f2:ab:73:19:59:7,-7.97250,112.62180,10,"2024-02-21 16:37:30",0
33,11,f2:ab:73:19:59:7,-7.97250,112.62180,10,"2024-02-21 16:37:50",1
33,11,f2:ab:73:19:59:7,-7.94982,112.61556,10,"2024-02-21 16:53:07",0
33,11,f2:ab:73:19:59:7,-7.94982,112.61556,10,"2024-02-21 16:53:13",1
33,11,f2:ab:73:19:59:7,-7.94982,112.61556,10,"2024-02-21 17:09:29",0
33,11,f2:ab:73:19:59:7,-7.94982,112.61556,10,"2024-02-21 17:09:35",1
33,10,f2:ab:73:19:59:7,-7.93324,112.60354,10,"2024-02-22 06:51:24",1
33,10,f2:ab:73:19:59:7,-7.93324,112.60354,10,"2024-02-22 06:57:47",1
33,10,f2:ab:73:19:59:7,-7.94329,112.61047,10,"2024-02-22 06:59:40",1
33,10,f2:ab:73:19:59:7,-7.94979,112.61559,10,"2024-02-22 07:00:54",1
33,10,f2:ab:73:19:59:7,-7.94979,112.61559,10,"2024-02-22 07:09:28",1
33,10,f2:ab:73:19:59:7,-7.94329,112.61047,10,"2024-02-22 07:10:46",0
33,10,f2:ab:73:19:59:7,-7.94329,112.61047,10,"2024-02-22 07:11:01",0
33,10,f2:ab:73:19:59:7,-7.94329,112.61047,10,"2024-02-22 07:11:20",0
33,10,f2:ab:73:19:59:7,-7.94329,112.61047,10,"2024-02-22 07:11:35",0
33,10,f2:ab:73:19:59:7,-7.95658,112.61276,10,"2024-02-22 07:15:31",1
33,11,f2:ab:73:19:59:7,-7.97250,112.62180,10,"2024-02-22 16:40:50",1
33,11,f2:ab:73:19:59:7,-7.96344,112.62536,10,"2024-02-22 16:45:32",1
33,11,f2:ab:73:19:59:7,-7.96344,112.62536,10,"2024-02-22 16:45:48",1
33,11,f2:ab:73:19:59:7,-7.94982,112.61556,10,"2024-02-22 17:16:59",0
33,11,f2:ab:73:19:59:7,-7.94982,112.61556,10,"2024-02-22 17:17:17",1
33,11,f2:ab:73:19:59:7,-7.94982,112.61556,10,"2024-02-22 17:36:58",0
33,11,f2:ab:73:19:59:7,-7.94325,112.61045,10,"2024-02-22 17:39:45",0
33,11,f2:ab:73:19:59:7,-7.94325,112.61045,10,"2024-02-22 17:40:00",1
33,11,f2:ab:73:19:59:7,-7.94325,112.61045,10,"2024-02-22 17:40:16",0
33,11,f2:ab:73:19:59:7,-7.94325,112.61045,10,"2024-02-22 17:40:30",0
33,11,f2:ab:73:19:59:7,-7.94325,112.61045,10,"2024-02-22 17:40:43",0
33,11,f2:ab:73:19:59:7,-7.94325,112.61045,10,"2024-02-22 17:41:01",1
33,11,f2:ab:73:19:59:7,-7.94325,112.61045,10,"2024-02-22 17:41:17",0
33,11,f2:ab:73:19:59:7,-7.94325,112.61045,10,"2024-02-22 17:41:31",0
33,11,f2:ab:73:19:59:7,-7.94325,112.61045,10,"2024-02-22 17:41:46",1
33,10,f2:ab:73:19:59:7,-7.93324,112.60354,10,"2024-02-23 06:53:35",1
33,10,f2:ab:73:19:59:7,-7.94329,112.61047,10,"2024-02-23 07:01:51",1
33,10,f2:ab:73:19:59:7,-7.94979,112.61559,10,"2024-02-23 07:03:09",1
33,10,f2:ab:73:19:59:7,-7.94979,112.61559,10,"2024-02-23 07:11:15",1
33,10,f2:ab:73:19:59:7,-7.94329,112.61047,10,"2024-02-23 07:12:43",0
33,10,f2:ab:73:19:59:7,-7.94329,112.61047,10,"2024-02-23 07:12:58",0
33,10,f2:ab:73:19:59:7,-7.94329,112.61047,10,"2024-02-23 07:13:12",1
33,10,f2:ab:73:19:59:7,-7.94329,112.61047,10,"2024-02-23 07:13:27",1
33,10,f2:ab:73:19:59:7,-7.95658,112.61276,10,"2024-02-23 07:17:54",1
33,10,f2:ab:73:19:59:7,-7.96334,112.62548,10,"2024-02-23 07:23:20",1
33,10,f2:ab:73:19:59:7,-7.97223,112.62190,10,"2024-02-23 07:25:01",1
33,10,f2:ab:73:19:59:7,-7.97693,112.63340,10,"2024-02-23 07:30:14",0
33,10,f2:ab:73:19:59:7,-7.97693,112.63340,10,"2024-02-23 07:30:30",0
33,10,f2:ab:73:19:59:7,-7.97693,112.63340,10,"2024-02-23 07:30:44",0
33,10,f2:ab:73:19:59:7,-7.97693,112.63340,10,"2024-02-23 07:30:56",1
33,10,f2:ab:73:19:59:7,-7.97693,112.63340,10,"2024-02-23 07:31:11",1
33,11,f2:ab:73:19:59:7,-7.97694,112.63335,10,"2024-02-23 14:38:35",1
33,11,f2:ab:73:19:59:7,-7.97694,112.63335,10,"2024-02-23 14:38:54",1
33,11,f2:ab:73:19:59:7,-7.97694,112.63335,10,"2024-02-23 16:23:17",1
33,11,f2:ab:73:19:59:7,-7.97250,112.62180,10,"2024-02-23 16:29:25",1
33,11,f2:ab:73:19:59:7,-7.94982,112.61556,10,"2024-02-23 16:50:27",1
33,11,f2:ab:73:19:59:7,-7.94982,112.61556,10,"2024-02-23 17:05:59",1
33,11,f2:ab:73:19:59:7,-7.94982,112.61556,10,"2024-02-23 17:06:15",0
33,11,f2:ab:73:19:59:7,-7.94982,112.61556,10,"2024-02-23 17:06:28",1
33,11,f2:ab:73:19:59:7,-7.94982,112.61556,10,"2024-02-23 17:06:46",0
33,11,f2:ab:73:19:59:7,-7.94982,112.61556,10,"2024-02-23 17:06:59",0
33,11,f2:ab:73:19:59:7,-7.94982,112.61556,10,"2024-02-23 17:07:13",1
33,11,f2:ab:73:19:59:7,-7.94325,112.61045,10,"2024-02-23 17:10:55",0
33,11,f2:ab:73:19:59:7,-7.94325,112.61045,10,"2024-02-23 17:11:14",1
33,11,f2:ab:73:19:59:7,-7.94325,112.61045,10,"2024-02-23 17:11:27",0
33,11,f2:ab:73:19:59:7,-7.94325,112.61045,10,"2024-02-23 17:11:56",1
33,11,f2:ab:73:19:59:7,-7.94325,112.61045,10,"2024-02-23 17:12:31",0
33,11,f2:ab:73:19:59:7,-7.94325,112.61045,10,"2024-02-23 17:12:45",1
33,11,f2:ab:73:19:59:7,-7.94325,112.61045,10,"2024-02-23 17:12:58",0
33,11,f2:ab:73:19:59:7,-7.94325,112.61045,10,"2024-02-23 17:13:12",0
33,11,f2:ab:73:19:59:7,-7.94325,112.61045,10,"2024-02-23 17:13:25",0
33,11,f2:ab:73:19:59:7,-7.94325,112.61045,10,"2024-02-23 17:13:38",1
33,11,f2:ab:73:19:59:7,-7.94325,112.61045,10,"2024-02-23 17:13:52",0
33,11,f2:ab:73:19:59:7,-7.94325,112.61045,10,"2024-02-23 17:14:06",0
33,11,f2:ab:73:19:59:7,-7.94325,112.61045,10,"2024-02-23 17:14:21",1
33,11,f2:ab:73:19:59:7,-7.94325,112.61045,10,"2024-02-23 17:14:34",0
33,11,f2:ab:73:19:59:7,-7.94325,112.61045,10,"2024-02-23 17:14:57",1
33,10,f2:ab:73:19:59:7,-7.94329,112.61047,10,"2024-02-24 07:01:18",1
33,10,f2:ab:73:19:59:7,-7.95658,112.61276,10,"2024-02-24 07:04:29",1
33,10,f2:ab:73:19:59:7,-7.95658,112.61276,10,"2024-02-24 08:08:11",1
33,10,f2:ab:73:19:59:7,-7.95658,112.61276,10,"2024-02-26 06:51:38",1
33,10,f2:ab:73:19:59:7,-7.94329,112.61047,10,"2024-02-26 06:54:42",1
33,10,f2:ab:73:19:59:7,-7.93324,112.60354,10,"2024-02-26 06:59:24",1
33,10,f2:ab:73:19:59:7,-7.94329,112.61047,10,"2024-02-26 07:01:33",1
33,10,f2:ab:73:19:59:7,-7.94979,112.61559,10,"2024-02-26 07:03:01",1
33,10,f2:ab:73:19:59:7,-7.94979,112.61559,10,"2024-02-26 07:11:16",1
33,10,f2:ab:73:19:59:7,-7.94329,112.61047,10,"2024-02-26 07:12:55",1
33,10,f2:ab:73:19:59:7,-7.94329,112.61047,10,"2024-02-26 07:13:08",0
33,10,f2:ab:73:19:59:7,-7.94329,112.61047,10,"2024-02-26 07:13:22",1
33,10,f2:ab:73:19:59:7,-7.95658,112.61276,10,"2024-02-26 07:19:28",1
33,10,f2:ab:73:19:59:7,-7.96334,112.62548,10,"2024-02-26 07:26:04",0
33,10,f2:ab:73:19:59:7,-7.96334,112.62548,10,"2024-02-26 07:26:19",1
33,10,f2:ab:73:19:59:7,-7.97223,112.62190,10,"2024-02-26 07:28:16",1
33,10,f2:ab:73:19:59:7,-7.97693,112.63340,10,"2024-02-26 07:33:45",1
33,10,f2:ab:73:19:59:7,-7.97693,112.63340,10,"2024-02-26 07:34:10",0
33,10,f2:ab:73:19:59:7,-7.97693,112.63340,10,"2024-02-26 07:34:28",1
33,10,f2:ab:73:19:59:7,-7.97693,112.63340,10,"2024-02-26 07:34:42",0
33,10,f2:ab:73:19:59:7,-7.97693,112.63340,10,"2024-02-26 07:34:57",1
33,11,f2:ab:73:19:59:7,-7.97250,112.62180,10,"2024-02-26 16:38:59",1
33,11,f2:ab:73:19:59:7,-7.94982,112.61556,10,"2024-02-26 16:57:35",0
33,11,f2:ab:73:19:59:7,-7.94982,112.61556,10,"2024-02-26 16:57:48",1
33,11,f2:ab:73:19:59:7,-7.94982,112.61556,10,"2024-02-26 17:10:57",1
33,11,f2:ab:73:19:59:7,-7.94325,112.61045,10,"2024-02-26 17:16:50",0
33,11,f2:ab:73:19:59:7,-7.94325,112.61045,10,"2024-02-26 17:17:04",1
33,11,f2:ab:73:19:59:7,-7.94325,112.61045,10,"2024-02-26 17:17:18",1
33,11,f2:ab:73:19:59:7,-7.93338,112.60354,10,"2024-02-26 17:25:46",1
33,10,f2:ab:73:19:59:7,-7.93324,112.60354,10,"2024-02-27 06:57:42",1
33,10,f2:ab:73:19:59:7,-7.94329,112.61047,10,"2024-02-27 06:59:31",1
33,10,f2:ab:73:19:59:7,-7.94979,112.61559,10,"2024-02-27 07:00:47",1
33,10,f2:ab:73:19:59:7,-7.94979,112.61559,10,"2024-02-27 07:08:00",1
33,10,f2:ab:73:19:59:7,-7.94329,112.61047,10,"2024-02-27 07:09:24",1
33,10,f2:ab:73:19:59:7,-7.94329,112.61047,10,"2024-02-27 07:09:39",0
33,10,f2:ab:73:19:59:7,-7.94329,112.61047,10,"2024-02-27 07:09:55",0
33,10,f2:ab:73:19:59:7,-7.94329,112.61047,10,"2024-02-27 07:10:09",1
33,10,f2:ab:73:19:59:7,-7.94329,112.61047,10,"2024-02-27 07:10:23",0
33,10,f2:ab:73:19:59:7,-7.94329,112.61047,10,"2024-02-27 07:10:37",0
33,10,f2:ab:73:19:59:7,-7.94329,112.61047,10,"2024-02-27 07:10:51",1
33,10,f2:ab:73:19:59:7,-7.95658,112.61276,10,"2024-02-27 07:15:28",1
33,10,f2:ab:73:19:59:7,-7.96334,112.62548,10,"2024-02-27 07:21:05",1
33,10,f2:ab:73:19:59:7,-7.97223,112.62190,10,"2024-02-27 07:23:04",1
33,10,f2:ab:73:19:59:7,-7.97693,112.63340,10,"2024-02-27 07:29:14",1
33,10,f2:ab:73:19:59:7,-7.97693,112.63340,10,"2024-02-27 07:29:34",0
33,10,f2:ab:73:19:59:7,-7.97693,112.63340,10,"2024-02-27 07:29:51",0
33,10,f2:ab:73:19:59:7,-7.97693,112.63340,10,"2024-02-27 07:30:04",1
33,10,f2:ab:73:19:59:7,-7.97693,112.63340,10,"2024-02-27 07:30:20",1
33,11,f2:ab:73:19:59:7,-7.97250,112.62180,10,"2024-02-27 16:40:20",1
33,11,f2:ab:73:19:59:7,-7.97250,112.62180,10,"2024-02-27 16:42:10",1
33,11,f2:ab:73:19:59:7,-7.94982,112.61556,10,"2024-02-27 16:58:44",1
33,11,f2:ab:73:19:59:7,-7.94982,112.61556,10,"2024-02-27 16:59:12",1
33,11,f2:ab:73:19:59:7,-7.94982,112.61556,10,"2024-02-27 17:14:05",1
33,11,f2:ab:73:19:59:7,-7.94325,112.61045,10,"2024-02-27 17:20:11",1
33,11,f2:ab:73:19:59:7,-7.94325,112.61045,10,"2024-02-27 17:21:03",0
33,11,f2:ab:73:19:59:7,-7.94325,112.61045,10,"2024-02-27 17:21:23",0
33,11,f2:ab:73:19:59:7,-7.94325,112.61045,10,"2024-02-27 17:21:42",1
33,11,f2:ab:73:19:59:7,-7.94325,112.61045,10,"2024-02-27 17:21:56",0
33,11,f2:ab:73:19:59:7,-7.94325,112.61045,10,"2024-02-27 17:22:10",0
33,11,f2:ab:73:19:59:7,-7.94325,112.61045,10,"2024-02-27 17:22:23",1
33,11,f2:ab:73:19:59:7,-7.94325,112.61045,10,"2024-02-27 17:22:38",0
33,11,f2:ab:73:19:59:7,-7.94325,112.61045,10,"2024-02-27 17:22:51",0
33,11,f2:ab:73:19:59:7,-7.94325,112.61045,10,"2024-02-27 17:23:07",0
33,11,f2:ab:73:19:59:7,-7.94325,112.61045,10,"2024-02-27 17:23:20",1
33,11,f2:ab:73:19:59:7,-7.94325,112.61045,10,"2024-02-27 17:23:34",0
33,11,f2:ab:73:19:59:7,-7.94325,112.61045,10,"2024-02-27 17:23:48",0
33,11,f2:ab:73:19:59:7,-7.94325,112.61045,10,"2024-02-27 17:24:01",1
33,10,f2:ab:73:19:59:7,-7.93324,112.60354,10,"2024-02-28 06:58:57",1
33,10,f2:ab:73:19:59:7,-7.94329,112.61047,10,"2024-02-28 07:00:50",1
33,10,f2:ab:73:19:59:7,-7.94979,112.61559,10,"2024-02-28 07:10:47",1
33,10,f2:ab:73:19:59:7,-7.94329,112.61047,10,"2024-02-28 07:12:18",1
33,10,f2:ab:73:19:59:7,-7.94329,112.61047,10,"2024-02-28 07:12:31",0
33,10,f2:ab:73:19:59:7,-7.94329,112.61047,10,"2024-02-28 07:12:44",0
33,10,f2:ab:73:19:59:7,-7.94329,112.61047,10,"2024-02-28 07:12:58",1
33,10,f2:ab:73:19:59:7,-7.95658,112.61276,10,"2024-02-28 07:17:12",1
33,10,f2:ab:73:19:59:7,-7.96334,112.62548,10,"2024-02-28 07:23:34",1
33,10,f2:ab:73:19:59:7,-7.97223,112.62190,10,"2024-02-28 07:25:19",1
33,10,f2:ab:73:19:59:7,-7.97693,112.63340,10,"2024-02-28 07:31:25",1
33,10,f2:ab:73:19:59:7,-7.97693,112.63340,10,"2024-02-28 07:31:53",0
33,10,f2:ab:73:19:59:7,-7.97693,112.63340,10,"2024-02-28 07:32:11",1
33,10,f2:ab:73:19:59:7,-7.97693,112.63340,10,"2024-02-28 07:32:26",1
33,10,f2:ab:73:19:59:7,-7.95658,112.61276,10,"2024-02-28 08:59:19",1
33,10,f2:ab:73:19:59:7,-7.95658,112.61276,10,"2024-02-28 09:00:48",1
33,10,f2:ab:73:19:59:7,-7.94329,112.61047,10,"2024-02-28 09:04:48",1
33,10,f2:ab:73:19:59:7,-7.94329,112.61047,10,"2024-02-28 09:05:04",0
33,10,f2:ab:73:19:59:7,-7.94329,112.61047,10,"2024-02-28 09:05:30",1
33,10,f2:ab:73:19:59:7,-7.94329,112.61047,10,"2024-02-28 09:05:45",1
33,10,f2:ab:73:19:59:7,-7.93324,112.60354,10,"2024-02-28 09:14:09",1
33,11,f2:ab:73:19:59:7,-7.93338,112.60354,10,"2024-02-28 13:24:38",1
33,11,f2:ab:73:19:59:7,-7.94325,112.61045,10,"2024-02-28 13:28:49",0
33,11,f2:ab:73:19:59:7,-7.94325,112.61045,10,"2024-02-28 13:29:03",1
33,11,f2:ab:73:19:59:7,-7.95655,112.61265,10,"2024-02-28 13:33:42",1
33,11,f2:ab:73:19:59:7,-7.96344,112.62536,10,"2024-02-28 13:37:48",1
33,11,f2:ab:73:19:59:7,-7.97250,112.62180,10,"2024-02-28 13:39:59",0
33,11,f2:ab:73:19:59:7,-7.97250,112.62180,10,"2024-02-28 13:40:13",1
33,11,f2:ab:73:19:59:7,-7.97694,112.63335,10,"2024-02-28 14:11:41",1
33,11,f2:ab:73:19:59:7,-7.97250,112.62180,10,"2024-02-28 16:42:07",0
33,11,f2:ab:73:19:59:7,-7.97250,112.62180,10,"2024-02-28 16:42:26",1
33,11,f2:ab:73:19:59:7,-7.94982,112.61556,10,"2024-02-28 17:01:14",0
33,11,f2:ab:73:19:59:7,-7.94982,112.61556,10,"2024-02-28 17:01:28",1
33,11,f2:ab:73:19:59:7,-7.94982,112.61556,10,"2024-02-28 17:16:15",1
33,11,f2:ab:73:19:59:7,-7.94325,112.61045,10,"2024-02-28 17:22:17",0
33,11,f2:ab:73:19:59:7,-7.94325,112.61045,10,"2024-02-28 17:22:32",0
33,11,f2:ab:73:19:59:7,-7.94325,112.61045,10,"2024-02-28 17:22:46",1
33,11,f2:ab:73:19:59:7,-7.94325,112.61045,10,"2024-02-28 17:23:03",0
33,11,f2:ab:73:19:59:7,-7.94325,112.61045,10,"2024-02-28 17:23:18",1
33,11,f2:ab:73:19:59:7,-7.94325,112.61045,10,"2024-02-28 17:23:33",0
33,11,f2:ab:73:19:59:7,-7.94325,112.61045,10,"2024-02-28 17:23:47",0
33,11,f2:ab:73:19:59:7,-7.94325,112.61045,10,"2024-02-28 17:24:01",0
33,11,f2:ab:73:19:59:7,-7.94325,112.61045,10,"2024-02-28 17:24:14",1
33,10,f2:ab:73:19:59:7,-7.93324,112.60354,10,"2024-02-29 06:54:37",1
33,10,f2:ab:73:19:59:7,-7.93324,112.60354,10,"2024-02-29 06:58:26",1
33,10,f2:ab:73:19:59:7,-7.94329,112.61047,10,"2024-02-29 07:00:29",1
33,10,f2:ab:73:19:59:7,-7.94979,112.61559,10,"2024-02-29 07:01:46",1
33,10,f2:ab:73:19:59:7,-7.94979,112.61559,10,"2024-02-29 07:10:45",1
33,10,f2:ab:73:19:59:7,-7.94329,112.61047,10,"2024-02-29 07:12:31",0
33,10,f2:ab:73:19:59:7,-7.94329,112.61047,10,"2024-02-29 07:12:46",1
33,10,f2:ab:73:19:59:7,-7.94329,112.61047,10,"2024-02-29 07:12:59",1
33,10,f2:ab:73:19:59:7,-7.95658,112.61276,10,"2024-02-29 07:17:14",1
33,10,f2:ab:73:19:59:7,-7.96334,112.62548,10,"2024-02-29 07:23:34",1
33,10,f2:ab:73:19:59:7,-7.96334,112.62548,10,"2024-02-29 07:23:47",0
33,10,f2:ab:73:19:59:7,-7.96334,112.62548,10,"2024-02-29 07:24:06",1
33,10,f2:ab:73:19:59:7,-7.97223,112.62190,10,"2024-02-29 07:26:04",1
33,10,f2:ab:73:19:59:7,-7.97693,112.63340,10,"2024-02-29 07:32:39",1
33,10,f2:ab:73:19:59:7,-7.97693,112.63340,10,"2024-02-29 07:32:57",0
33,10,f2:ab:73:19:59:7,-7.97693,112.63340,10,"2024-02-29 07:33:12",0
33,10,f2:ab:73:19:59:7,-7.97693,112.63340,10,"2024-02-29 07:33:26",1
33,10,f2:ab:73:19:59:7,-7.97693,112.63340,10,"2024-02-29 07:33:44",1
33,11,f2:ab:73:19:59:7,-7.97250,112.62180,10,"2024-02-29 16:39:57",1
33,11,f2:ab:73:19:59:7,-7.97250,112.62180,10,"2024-02-29 16:40:11",1
33,11,f2:ab:73:19:59:7,-7.97250,112.62180,10,"2024-02-29 16:41:50",1
33,11,f2:ab:73:19:59:7,-7.94982,112.61556,10,"2024-02-29 17:12:19",1
33,11,f2:ab:73:19:59:7,-7.94325,112.61045,10,"2024-02-29 17:19:24",0
33,11,f2:ab:73:19:59:7,-7.94325,112.61045,10,"2024-02-29 17:19:38",0
33,11,f2:ab:73:19:59:7,-7.94325,112.61045,10,"2024-02-29 17:19:52",1
33,11,f2:ab:73:19:59:7,-7.94325,112.61045,10,"2024-02-29 17:20:08",0
33,11,f2:ab:73:19:59:7,-7.94325,112.61045,10,"2024-02-29 17:20:22",0
33,11,f2:ab:73:19:59:7,-7.94325,112.61045,10,"2024-02-29 17:20:36",1
33,11,f2:ab:73:19:59:7,-7.94325,112.61045,10,"2024-02-29 17:20:51",0
33,11,f2:ab:73:19:59:7,-7.94325,112.61045,10,"2024-02-29 17:21:04",0
33,11,f2:ab:73:19:59:7,-7.94325,112.61045,10,"2024-02-29 17:21:18",1
